11109	accept reservations
11051	accept reservations
11021	accept reservations
11047	accept reservations
11004	accept reservations
11097	accept reservations
10998	accept reservations
11050	accept reservations
11035	accept reservations
11030	accept reservations
11127	accept reservations
11042	accept reservations
11105	accept reservations
11139	accept reservations
11039	accept reservations
11590	account blocked
11604	account blocked
11574	account blocked
11631	account blocked
11625	account blocked
11637	account blocked
11561	account blocked
11599	account blocked
11621	account blocked
11546	account blocked
11596	account blocked
11557	account blocked
11603	account blocked
11591	account blocked
11579	account blocked
8843	alarm
8759	alarm
8744	alarm
8709	alarm
8824	alarm
8788	alarm
8701	alarm
8783	alarm
8797	alarm
8847	alarm
8813	alarm
8752	alarm
8768	alarm
8742	alarm
8757	alarm
1837	application status
1809	application status
1821	application status
1802	application status
1815	application status
1827	application status
1807	application status
1804	application status
1838	application status
1805	application status
1819	application status
1811	application status
1808	application status
1812	application status
1825	application status
6402	apr
6369	apr
6364	apr
6405	apr
6351	apr
6410	apr
6374	apr
6412	apr
6382	apr
6341	apr
6367	apr
6347	apr
6385	apr
6390	apr
6356	apr
16090	are you a bot
16089	are you a bot
16096	are you a bot
16103	are you a bot
16091	are you a bot
16093	are you a bot
16102	are you a bot
16085	are you a bot
16097	are you a bot
16088	are you a bot
16099	are you a bot
16095	are you a bot
16101	are you a bot
16086	are you a bot
16098	are you a bot
3002	balance
3004	balance
2984	balance
2876	balance
2975	balance
2878	balance
3000	balance
2942	balance
2999	balance
2909	balance
3024	balance
2936	balance
2972	balance
3007	balance
2906	balance
15384	bill balance
15408	bill balance
15386	bill balance
15401	bill balance
15403	bill balance
15429	bill balance
15378	bill balance
15428	bill balance
15433	bill balance
15394	bill balance
15411	bill balance
15434	bill balance
15418	bill balance
15388	bill balance
15422	bill balance
9315	bill due
9246	bill due
9366	bill due
9279	bill due
9345	bill due
9303	bill due
9264	bill due
9353	bill due
9316	bill due
9332	bill due
9354	bill due
9309	bill due
9330	bill due
9275	bill due
9259	bill due
14953	book flight
15054	book flight
14998	book flight
14992	book flight
15044	book flight
14975	book flight
15002	book flight
15040	book flight
15062	book flight
15027	book flight
14925	book flight
14920	book flight
14912	book flight
15014	book flight
14971	book flight
12697	book hotel
12674	book hotel
12613	book hotel
12644	book hotel
12633	book hotel
12708	book hotel
12645	book hotel
12643	book hotel
12614	book hotel
12652	book hotel
12667	book hotel
12602	book hotel
12664	book hotel
12654	book hotel
12716	book hotel
6887	calculator
6895	calculator
6919	calculator
6877	calculator
6885	calculator
6918	calculator
6904	calculator
6922	calculator
6900	calculator
6898	calculator
6896	calculator
6875	calculator
6882	calculator
6915	calculator
6883	calculator
6652	calendar
6527	calendar
6624	calendar
6684	calendar
6637	calendar
6670	calendar
6620	calendar
6574	calendar
6662	calendar
6633	calendar
6526	calendar
6666	calendar
6680	calendar
6579	calendar
6530	calendar
16007	calendar update
16016	calendar update
15937	calendar update
15986	calendar update
16053	calendar update
16074	calendar update
15963	calendar update
16011	calendar update
16009	calendar update
15995	calendar update
16084	calendar update
15952	calendar update
15898	calendar update
15950	calendar update
16041	calendar update
9426	calories
9494	calories
9376	calories
9379	calories
9431	calories
9438	calories
9423	calories
9394	calories
9396	calories
9463	calories
9405	calories
9386	calories
9400	calories
9435	calories
9493	calories
13240	cancel
13306	cancel
13279	cancel
13248	cancel
13299	cancel
13255	cancel
13276	cancel
13287	cancel
13347	cancel
13314	cancel
13225	cancel
13329	cancel
13269	cancel
13233	cancel
13320	cancel
16699	cancel reservation
16613	cancel reservation
16671	cancel reservation
16562	cancel reservation
16550	cancel reservation
16606	cancel reservation
16638	cancel reservation
16572	cancel reservation
16570	cancel reservation
16640	cancel reservation
16615	cancel reservation
16709	cancel reservation
16685	cancel reservation
16552	cancel reservation
16604	cancel reservation
17081	car rental
17038	car rental
17070	car rental
17087	car rental
17137	car rental
17098	car rental
17044	car rental
17059	car rental
17091	car rental
17126	car rental
17067	car rental
17065	car rental
17134	car rental
17086	car rental
17049	car rental
18141	card declined
18196	card declined
18103	card declined
18066	card declined
18060	card declined
18096	card declined
18038	card declined
18114	card declined
18030	card declined
18106	card declined
18149	card declined
18198	card declined
18019	card declined
18034	card declined
18093	card declined
7262	carry on
7074	carry on
7080	carry on
7240	carry on
7230	carry on
7190	carry on
7204	carry on
7180	carry on
7243	carry on
7110	carry on
7143	carry on
7188	carry on
7237	carry on
7152	carry on
7199	carry on
9015	change accent
9069	change accent
9099	change accent
9092	change accent
9028	change accent
9051	change accent
9044	change accent
9063	change accent
9047	change accent
9098	change accent
9093	change accent
9053	change accent
9022	change accent
9079	change accent
9106	change accent
16895	change ai name
16929	change ai name
16852	change ai name
16897	change ai name
16864	change ai name
16876	change ai name
16836	change ai name
16936	change ai name
16883	change ai name
16971	change ai name
16903	change ai name
16979	change ai name
16922	change ai name
16978	change ai name
16880	change ai name
1582	change language
1563	change language
1589	change language
1581	change language
1544	change language
1584	change language
1535	change language
1586	change language
1560	change language
1564	change language
1571	change language
1528	change language
1540	change language
1567	change language
1548	change language
6071	change speed
6025	change speed
6035	change speed
6048	change speed
6059	change speed
6038	change speed
6030	change speed
6061	change speed
6039	change speed
6057	change speed
6027	change speed
6052	change speed
6046	change speed
6050	change speed
6063	change speed
2120	change user name
2167	change user name
2090	change user name
2118	change user name
2147	change user name
2100	change user name
2153	change user name
2151	change user name
2161	change user name
2111	change user name
2132	change user name
2115	change user name
2110	change user name
2142	change user name
2117	change user name
10672	change volume
10681	change volume
10682	change volume
10696	change volume
10691	change volume
10687	change volume
10679	change volume
10675	change volume
10695	change volume
10692	change volume
10683	change volume
10689	change volume
10694	change volume
10699	change volume
10693	change volume
3086	confirm reservation
3072	confirm reservation
3127	confirm reservation
3213	confirm reservation
3188	confirm reservation
3152	confirm reservation
3082	confirm reservation
3251	confirm reservation
3111	confirm reservation
3253	confirm reservation
3048	confirm reservation
3098	confirm reservation
3175	confirm reservation
3185	confirm reservation
3055	confirm reservation
8095	cook time
8098	cook time
8071	cook time
8089	cook time
8109	cook time
8101	cook time
8077	cook time
8097	cook time
8122	cook time
8070	cook time
8065	cook time
8072	cook time
8099	cook time
8106	cook time
8113	cook time
10803	credit limit
10748	credit limit
10800	credit limit
10782	credit limit
10816	credit limit
10820	credit limit
10849	credit limit
10762	credit limit
10751	credit limit
10842	credit limit
10802	credit limit
10830	credit limit
10794	credit limit
10791	credit limit
10821	credit limit
14778	credit limit change
14792	credit limit change
14815	credit limit change
14779	credit limit change
14793	credit limit change
14770	credit limit change
14801	credit limit change
14802	credit limit change
14822	credit limit change
14730	credit limit change
14820	credit limit change
14721	credit limit change
14784	credit limit change
14810	credit limit change
14773	credit limit change
4691	credit score
4654	credit score
4721	credit score
4713	credit score
4651	credit score
4694	credit score
4689	credit score
4707	credit score
4632	credit score
4656	credit score
4646	credit score
4699	credit score
4647	credit score
4670	credit score
4703	credit score
12818	current location
12784	current location
12817	current location
12766	current location
12733	current location
12780	current location
12751	current location
12738	current location
12758	current location
12785	current location
12801	current location
12778	current location
12725	current location
12781	current location
12782	current location
9553	damaged card
9619	damaged card
9650	damaged card
9575	damaged card
9668	damaged card
9577	damaged card
9654	damaged card
9585	damaged card
9541	damaged card
9531	damaged card
9657	damaged card
9598	damaged card
9600	damaged card
9661	damaged card
9622	damaged card
6992	date
6932	date
6970	date
7028	date
7037	date
6966	date
7043	date
6984	date
6940	date
6956	date
6980	date
6946	date
6955	date
7056	date
7040	date
551	definition
565	definition
548	definition
562	definition
534	definition
558	definition
587	definition
571	definition
511	definition
539	definition
561	definition
586	definition
572	definition
560	definition
526	definition
14563	direct deposit
14567	direct deposit
14488	direct deposit
14564	direct deposit
14588	direct deposit
14512	direct deposit
14547	direct deposit
14583	direct deposit
14523	direct deposit
14525	direct deposit
14533	direct deposit
14513	direct deposit
14489	direct deposit
14591	direct deposit
14504	direct deposit
13828	directions
13912	directions
13917	directions
13967	directions
13811	directions
13862	directions
13898	directions
13856	directions
13920	directions
13921	directions
13848	directions
13851	directions
13814	directions
13919	directions
13810	directions
3476	distance
3629	distance
3625	distance
3518	distance
3592	distance
3498	distance
3496	distance
3591	distance
3524	distance
3563	distance
3513	distance
3628	distance
3578	distance
3529	distance
3509	distance
10003	do you have pets
10025	do you have pets
10012	do you have pets
9998	do you have pets
10020	do you have pets
9995	do you have pets
9988	do you have pets
9990	do you have pets
10011	do you have pets
9986	do you have pets
9992	do you have pets
10015	do you have pets
9997	do you have pets
10016	do you have pets
10031	do you have pets
10508	exchange rate
10463	exchange rate
10474	exchange rate
10487	exchange rate
10465	exchange rate
10494	exchange rate
10493	exchange rate
10482	exchange rate
10537	exchange rate
10541	exchange rate
10461	exchange rate
10480	exchange rate
10550	exchange rate
10530	exchange rate
10466	exchange rate
16312	expiration date
16323	expiration date
16318	expiration date
16274	expiration date
16311	expiration date
16319	expiration date
16300	expiration date
16307	expiration date
16276	expiration date
16279	expiration date
16280	expiration date
16244	expiration date
16289	expiration date
16246	expiration date
16259	expiration date
928	find phone
912	find phone
917	find phone
976	find phone
942	find phone
961	find phone
924	find phone
995	find phone
974	find phone
994	find phone
977	find phone
923	find phone
965	find phone
982	find phone
916	find phone
1860	flight status
1896	flight status
1893	flight status
1850	flight status
1889	flight status
1894	flight status
1931	flight status
1918	flight status
1932	flight status
1886	flight status
1900	flight status
1840	flight status
1928	flight status
1916	flight status
1945	flight status
2035	flip coin
2029	flip coin
2000	flip coin
2075	flip coin
2005	flip coin
2009	flip coin
2006	flip coin
1983	flip coin
2028	flip coin
2060	flip coin
2049	flip coin
2034	flip coin
2017	flip coin
2039	flip coin
2066	flip coin
8011	food last
8016	food last
7994	food last
8024	food last
8027	food last
7986	food last
8053	food last
8030	food last
8032	food last
8041	food last
8039	food last
8035	food last
8056	food last
8062	food last
8037	food last
3303	freeze account
3266	freeze account
3304	freeze account
3270	freeze account
3308	freeze account
3269	freeze account
3296	freeze account
3262	freeze account
3265	freeze account
3267	freeze account
3290	freeze account
3275	freeze account
3280	freeze account
3284	freeze account
3260	freeze account
1400	fun fact
1489	fun fact
1418	fun fact
1441	fun fact
1479	fun fact
1498	fun fact
1469	fun fact
1480	fun fact
1455	fun fact
1507	fun fact
1413	fun fact
1493	fun fact
1405	fun fact
1412	fun fact
1454	fun fact
16207	gas
16217	gas
16140	gas
16206	gas
16129	gas
16106	gas
16165	gas
16118	gas
16203	gas
16173	gas
16150	gas
16192	gas
16175	gas
16137	gas
16115	gas
10176	gas type
10161	gas type
10168	gas type
10227	gas type
10215	gas type
10170	gas type
10219	gas type
10244	gas type
10153	gas type
10229	gas type
10188	gas type
10174	gas type
10144	gas type
10221	gas type
10254	gas type
11538	goodbye
11404	goodbye
11346	goodbye
11351	goodbye
11452	goodbye
11443	goodbye
11441	goodbye
11527	goodbye
11505	goodbye
11483	goodbye
11511	goodbye
11461	goodbye
11494	goodbye
11402	goodbye
11515	goodbye
14336	greeting
14347	greeting
14222	greeting
14212	greeting
14239	greeting
14295	greeting
14190	greeting
14279	greeting
14244	greeting
14260	greeting
14346	greeting
14337	greeting
14287	greeting
14314	greeting
14271	greeting
10861	how busy
10862	how busy
10873	how busy
10924	how busy
10853	how busy
10970	how busy
10966	how busy
10942	how busy
10936	how busy
10984	how busy
10948	how busy
10909	how busy
10871	how busy
10975	how busy
10980	how busy
16990	how old are you
16991	how old are you
17030	how old are you
17019	how old are you
17011	how old are you
16985	how old are you
17028	how old are you
17008	how old are you
17013	how old are you
17003	how old are you
17002	how old are you
17022	how old are you
17029	how old are you
16986	how old are you
17010	how old are you
1375	improve credit score
1366	improve credit score
1350	improve credit score
1346	improve credit score
1382	improve credit score
1271	improve credit score
1349	improve credit score
1290	improve credit score
1388	improve credit score
1316	improve credit score
1348	improve credit score
1277	improve credit score
1326	improve credit score
1279	improve credit score
1308	improve credit score
17481	income
17477	income
17571	income
17561	income
17483	income
17557	income
17470	income
17445	income
17572	income
17510	income
17448	income
17547	income
17508	income
17560	income
17425	income
8455	ingredient substitution
8495	ingredient substitution
8519	ingredient substitution
8440	ingredient substitution
8429	ingredient substitution
8520	ingredient substitution
8494	ingredient substitution
8579	ingredient substitution
8439	ingredient substitution
8516	ingredient substitution
8608	ingredient substitution
8471	ingredient substitution
8613	ingredient substitution
8515	ingredient substitution
8518	ingredient substitution
12125	ingredients list
12107	ingredients list
12057	ingredients list
12051	ingredients list
12054	ingredients list
12162	ingredients list
12136	ingredients list
12052	ingredients list
12041	ingredients list
12068	ingredients list
12160	ingredients list
12099	ingredients list
12104	ingredients list
12061	ingredients list
12103	ingredients list
5607	insurance
5535	insurance
5637	insurance
5643	insurance
5611	insurance
5565	insurance
5651	insurance
5551	insurance
5577	insurance
5602	insurance
5525	insurance
5554	insurance
5591	insurance
5544	insurance
5641	insurance
772	insurance change
845	insurance change
892	insurance change
777	insurance change
790	insurance change
884	insurance change
881	insurance change
900	insurance change
883	insurance change
775	insurance change
806	insurance change
861	insurance change
875	insurance change
857	insurance change
836	insurance change
14602	interest rate
14626	interest rate
14639	interest rate
14601	interest rate
14608	interest rate
14634	interest rate
14599	interest rate
14663	interest rate
14629	interest rate
14619	interest rate
14612	interest rate
14666	interest rate
14668	interest rate
14651	interest rate
14654	interest rate
11754	international fees
11751	international fees
11775	international fees
11780	international fees
11783	international fees
11770	international fees
11746	international fees
11790	international fees
11797	international fees
11757	international fees
11782	international fees
11745	international fees
11767	international fees
11791	international fees
11793	international fees
13538	international visa
13470	international visa
13561	international visa
13434	international visa
13582	international visa
13476	international visa
13553	international visa
13462	international visa
13570	international visa
13516	international visa
13497	international visa
13482	international visa
13554	international visa
13427	international visa
13450	international visa
17181	jump start
17227	jump start
17159	jump start
17252	jump start
17183	jump start
17258	jump start
17261	jump start
17166	jump start
17223	jump start
17250	jump start
17233	jump start
17242	jump start
17149	jump start
17161	jump start
17256	jump start
11832	last maintenance
11916	last maintenance
11837	last maintenance
11820	last maintenance
11813	last maintenance
11924	last maintenance
11844	last maintenance
11903	last maintenance
11918	last maintenance
11873	last maintenance
11921	last maintenance
11850	last maintenance
11902	last maintenance
11835	last maintenance
11863	last maintenance
4969	lost luggage
5001	lost luggage
5002	lost luggage
4878	lost luggage
4897	lost luggage
4871	lost luggage
4927	lost luggage
4985	lost luggage
4916	lost luggage
4873	lost luggage
4965	lost luggage
4936	lost luggage
4877	lost luggage
4880	lost luggage
4896	lost luggage
8627	make call
8659	make call
8624	make call
8681	make call
8626	make call
8677	make call
8689	make call
8684	make call
8640	make call
8688	make call
8650	make call
8666	make call
8664	make call
8647	make call
8632	make call
2537	maybe
2514	maybe
2560	maybe
2439	maybe
2556	maybe
2486	maybe
2543	maybe
2572	maybe
2505	maybe
2511	maybe
2443	maybe
2435	maybe
2524	maybe
2450	maybe
2591	maybe
17301	meal suggestion
17272	meal suggestion
17285	meal suggestion
17299	meal suggestion
17275	meal suggestion
17267	meal suggestion
17288	meal suggestion
17271	meal suggestion
17278	meal suggestion
17277	meal suggestion
17283	meal suggestion
17297	meal suggestion
17282	meal suggestion
17290	meal suggestion
17292	meal suggestion
750	meaning of life
693	meaning of life
735	meaning of life
661	meaning of life
696	meaning of life
671	meaning of life
654	meaning of life
732	meaning of life
674	meaning of life
621	meaning of life
670	meaning of life
743	meaning of life
629	meaning of life
730	meaning of life
727	meaning of life
12366	measurement conversion
12384	measurement conversion
12371	measurement conversion
12369	measurement conversion
12376	measurement conversion
12360	measurement conversion
12363	measurement conversion
12359	measurement conversion
12377	measurement conversion
12395	measurement conversion
12392	measurement conversion
12386	measurement conversion
12368	measurement conversion
12372	measurement conversion
12388	measurement conversion
11997	meeting schedule
11969	meeting schedule
11999	meeting schedule
11962	meeting schedule
11961	meeting schedule
11958	meeting schedule
12013	meeting schedule
11940	meeting schedule
11998	meeting schedule
11981	meeting schedule
12000	meeting schedule
12002	meeting schedule
12001	meeting schedule
11984	meeting schedule
12018	meeting schedule
13015	min payment
13000	min payment
13018	min payment
13022	min payment
13078	min payment
13034	min payment
13001	min payment
13043	min payment
13072	min payment
13045	min payment
13073	min payment
13035	min payment
13048	min payment
13086	min payment
13009	min payment
5159	mpg
5164	mpg
5158	mpg
5154	mpg
5174	mpg
5136	mpg
5170	mpg
5143	mpg
5145	mpg
5150	mpg
5163	mpg
5146	mpg
5140	mpg
5167	mpg
5165	mpg
4770	new card
4849	new card
4829	new card
4725	new card
4738	new card
4845	new card
4834	new card
4763	new card
4843	new card
4790	new card
4753	new card
4847	new card
4781	new card
4835	new card
4831	new card
10605	next holiday
10611	next holiday
10607	next holiday
10626	next holiday
10657	next holiday
10558	next holiday
10583	next holiday
10608	next holiday
10668	next holiday
10556	next holiday
10561	next holiday
10669	next holiday
10654	next holiday
10661	next holiday
10665	next holiday
3903	next song
3899	next song
3860	next song
3915	next song
3933	next song
3874	next song
3925	next song
3911	next song
3913	next song
3869	next song
3856	next song
3929	next song
3905	next song
3890	next song
3884	next song
6225	no
6317	no
6284	no
6293	no
6241	no
6243	no
6305	no
6199	no
6213	no
6153	no
6250	no
6222	no
6310	no
6288	no
6315	no
6429	nutrition info
6520	nutrition info
6463	nutrition info
6461	nutrition info
6513	nutrition info
6524	nutrition info
6469	nutrition info
6478	nutrition info
6487	nutrition info
6445	nutrition info
6433	nutrition info
6519	nutrition info
6492	nutrition info
6493	nutrition info
6480	nutrition info
2662	oil change how
2617	oil change how
2638	oil change how
2604	oil change how
2639	oil change how
2656	oil change how
2658	oil change how
2640	oil change how
2642	oil change how
2646	oil change how
2633	oil change how
2635	oil change how
2632	oil change how
2614	oil change how
2650	oil change how
5178	oil change when
5185	oil change when
5175	oil change when
5179	oil change when
5190	oil change when
5181	oil change when
5184	oil change when
5193	oil change when
5182	oil change when
5183	oil change when
5189	oil change when
5191	oil change when
5177	oil change when
5188	oil change when
5176	oil change when
17693	order
17609	order
17637	order
17614	order
17706	order
17594	order
17691	order
17642	order
17681	order
17699	order
17616	order
17694	order
17603	order
17610	order
17678	order
18006	order checks
17923	order checks
17985	order checks
17915	order checks
18011	order checks
17976	order checks
18012	order checks
17977	order checks
17988	order checks
17964	order checks
17979	order checks
17981	order checks
17966	order checks
17935	order checks
18005	order checks
11147	order status
11170	order status
11152	order status
11174	order status
11185	order status
11195	order status
11168	order status
11162	order status
11178	order status
11165	order status
11175	order status
11145	order status
11179	order status
11196	order status
11141	order status
4342	pay bill
4219	pay bill
4346	pay bill
4231	pay bill
4357	pay bill
4326	pay bill
4316	pay bill
4360	pay bill
4254	pay bill
4312	pay bill
4243	pay bill
4320	pay bill
4380	pay bill
4246	pay bill
4353	pay bill
1665	payday
1604	payday
1614	payday
1707	payday
1728	payday
1677	payday
1671	payday
1693	payday
1684	payday
1682	payday
1736	payday
1647	payday
1715	payday
1628	payday
1608	payday
11302	pin change
11313	pin change
11232	pin change
11217	pin change
11208	pin change
11268	pin change
11260	pin change
11297	pin change
11258	pin change
11310	pin change
11275	pin change
11261	pin change
11316	pin change
11210	pin change
11229	pin change
15847	play music
15764	play music
15796	play music
15766	play music
15827	play music
15865	play music
15860	play music
15747	play music
15797	play music
15749	play music
15777	play music
15787	play music
15789	play music
15815	play music
15846	play music
10346	plug type
10261	plug type
10287	plug type
10334	plug type
10271	plug type
10275	plug type
10276	plug type
10319	plug type
10268	plug type
10303	plug type
10269	plug type
10342	plug type
10286	plug type
10347	plug type
10288	plug type
13786	pto balance
13722	pto balance
13737	pto balance
13769	pto balance
13728	pto balance
13757	pto balance
13721	pto balance
13724	pto balance
13720	pto balance
13690	pto balance
13693	pto balance
13783	pto balance
13770	pto balance
13762	pto balance
13794	pto balance
1128	pto request
1159	pto request
1120	pto request
1197	pto request
1173	pto request
1111	pto request
1174	pto request
1267	pto request
1230	pto request
1116	pto request
1156	pto request
1248	pto request
1165	pto request
1228	pto request
1226	pto request
4578	pto request status
4576	pto request status
4544	pto request status
4537	pto request status
4583	pto request status
4570	pto request status
4542	pto request status
4592	pto request status
4549	pto request status
4602	pto request status
4612	pto request status
4579	pto request status
4582	pto request status
4541	pto request status
4555	pto request status
7355	pto used
7283	pto used
7372	pto used
7277	pto used
7327	pto used
7379	pto used
7352	pto used
7298	pto used
7358	pto used
7337	pto used
7291	pto used
7281	pto used
7376	pto used
7359	pto used
7336	pto used
17412	recipe
17335	recipe
17423	recipe
17419	recipe
17358	recipe
17401	recipe
17329	recipe
17371	recipe
17330	recipe
17366	recipe
17348	recipe
17381	recipe
17403	recipe
17395	recipe
17351	recipe
15588	redeem rewards
15706	redeem rewards
15676	redeem rewards
15667	redeem rewards
15675	redeem rewards
15614	redeem rewards
15677	redeem rewards
15646	redeem rewards
15681	redeem rewards
15690	redeem rewards
15651	redeem rewards
15592	redeem rewards
15629	redeem rewards
15642	redeem rewards
15708	redeem rewards
5850	reminder
5944	reminder
5896	reminder
5837	reminder
5992	reminder
5824	reminder
5940	reminder
5871	reminder
5988	reminder
6009	reminder
5975	reminder
5852	reminder
5921	reminder
6014	reminder
5938	reminder
8237	reminder update
8204	reminder update
8227	reminder update
8226	reminder update
8172	reminder update
8193	reminder update
8221	reminder update
8273	reminder update
8253	reminder update
8210	reminder update
8162	reminder update
8278	reminder update
8243	reminder update
8138	reminder update
8241	reminder update
5045	repeat
5043	repeat
5102	repeat
5052	repeat
5064	repeat
5061	repeat
5037	repeat
5075	repeat
5091	repeat
5134	repeat
5097	repeat
5022	repeat
5131	repeat
5038	repeat
5130	repeat
1761	replacement card duration
1765	replacement card duration
1766	replacement card duration
1758	replacement card duration
1762	replacement card duration
1767	replacement card duration
1751	replacement card duration
1754	replacement card duration
1753	replacement card duration
1755	replacement card duration
1764	replacement card duration
1769	replacement card duration
1760	replacement card duration
1750	replacement card duration
1768	replacement card duration
12186	report fraud
12183	report fraud
12287	report fraud
12224	report fraud
12240	report fraud
12274	report fraud
12343	report fraud
12283	report fraud
12302	report fraud
12268	report fraud
12257	report fraud
12194	report fraud
12175	report fraud
12211	report fraud
12322	report fraud
8396	report lost card
8322	report lost card
8363	report lost card
8359	report lost card
8320	report lost card
8328	report lost card
8398	report lost card
8364	report lost card
8301	report lost card
8421	report lost card
8316	report lost card
8298	report lost card
8413	report lost card
8372	report lost card
8334	report lost card
14429	reset settings
14427	reset settings
14348	reset settings
14383	reset settings
14403	reset settings
14394	reset settings
14381	reset settings
14351	reset settings
14424	reset settings
14385	reset settings
14352	reset settings
14396	reset settings
14428	reset settings
14364	reset settings
14415	reset settings
2844	restaurant reservation
2690	restaurant reservation
2703	restaurant reservation
2800	restaurant reservation
2794	restaurant reservation
2832	restaurant reservation
2684	restaurant reservation
2819	restaurant reservation
2766	restaurant reservation
2765	restaurant reservation
2801	restaurant reservation
2682	restaurant reservation
2695	restaurant reservation
2745	restaurant reservation
2756	restaurant reservation
9830	restaurant reviews
9721	restaurant reviews
9777	restaurant reviews
9681	restaurant reviews
9690	restaurant reviews
9769	restaurant reviews
9730	restaurant reviews
9822	restaurant reviews
9756	restaurant reviews
9789	restaurant reviews
9801	restaurant reviews
9793	restaurant reviews
9759	restaurant reviews
9693	restaurant reviews
9764	restaurant reviews
4070	restaurant suggestion
4076	restaurant suggestion
4072	restaurant suggestion
4074	restaurant suggestion
4068	restaurant suggestion
4067	restaurant suggestion
4080	restaurant suggestion
4078	restaurant suggestion
4079	restaurant suggestion
4065	restaurant suggestion
4082	restaurant suggestion
4077	restaurant suggestion
4075	restaurant suggestion
4084	restaurant suggestion
4083	restaurant suggestion
4145	rewards balance
4120	rewards balance
4156	rewards balance
4201	rewards balance
4203	rewards balance
4129	rewards balance
4111	rewards balance
4105	rewards balance
4172	rewards balance
4085	rewards balance
4214	rewards balance
4147	rewards balance
4169	rewards balance
4115	rewards balance
4087	rewards balance
7966	roll dice
7951	roll dice
7963	roll dice
7981	roll dice
7959	roll dice
7964	roll dice
7960	roll dice
7953	roll dice
7969	roll dice
7947	roll dice
7954	roll dice
7978	roll dice
7948	roll dice
7958	roll dice
7965	roll dice
3389	rollover 401k
3320	rollover 401k
3388	rollover 401k
3350	rollover 401k
3354	rollover 401k
3330	rollover 401k
3397	rollover 401k
3406	rollover 401k
3395	rollover 401k
3376	rollover 401k
3325	rollover 401k
3332	rollover 401k
3340	rollover 401k
3333	rollover 401k
3408	rollover 401k
9980	routing
9938	routing
9847	routing
9965	routing
9842	routing
9955	routing
9927	routing
9944	routing
9978	routing
9862	routing
9917	routing
9928	routing
9953	routing
9888	routing
9984	routing
7387	schedule maintenance
7496	schedule maintenance
7448	schedule maintenance
7391	schedule maintenance
7440	schedule maintenance
7425	schedule maintenance
7433	schedule maintenance
7399	schedule maintenance
7385	schedule maintenance
7400	schedule maintenance
7492	schedule maintenance
7475	schedule maintenance
7405	schedule maintenance
7392	schedule maintenance
7435	schedule maintenance
10054	schedule meeting
10050	schedule meeting
10066	schedule meeting
10061	schedule meeting
10099	schedule meeting
10092	schedule meeting
10041	schedule meeting
10044	schedule meeting
10133	schedule meeting
10058	schedule meeting
10125	schedule meeting
10124	schedule meeting
10106	schedule meeting
15494	share location
15560	share location
15477	share location
15514	share location
15571	share location
15496	share location
15520	share location
15558	share location
15486	share location
15497	share location
15544	share location
15511	share location
15439	share location
15523	share location
15577	share location
15161	shopping list
15196	shopping list
15115	shopping list
15178	shopping list
15103	shopping list
15207	shopping list
15200	shopping list
15095	shopping list
15085	shopping list
15189	shopping list
15129	shopping list
15211	shopping list
15122	shopping list
15203	shopping list
15127	shopping list
2271	shopping list update
2286	shopping list update
2347	shopping list update
2246	shopping list update
2332	shopping list update
2252	shopping list update
2337	shopping list update
2324	shopping list update
2308	shopping list update
2309	shopping list update
2353	shopping list update
2302	shopping list update
2358	shopping list update
2364	shopping list update
2367	shopping list update
12547	smart home
12419	smart home
12490	smart home
12432	smart home
12526	smart home
12507	smart home
12447	smart home
12478	smart home
12413	smart home
12499	smart home
12517	smart home
12474	smart home
12472	smart home
12477	smart home
12418	smart home
14129	spelling
14150	spelling
14007	spelling
14133	spelling
13980	spelling
13994	spelling
14117	spelling
14096	spelling
14023	spelling
14115	spelling
14082	spelling
14105	spelling
14011	spelling
14075	spelling
14089	spelling
4496	spending history
4505	spending history
4429	spending history
4448	spending history
4436	spending history
4524	spending history
4530	spending history
4423	spending history
4419	spending history
4479	spending history
4416	spending history
4402	spending history
4516	spending history
4527	spending history
4393	spending history
7678	sync device
7745	sync device
7674	sync device
7750	sync device
7684	sync device
7669	sync device
7689	sync device
7713	sync device
7699	sync device
7701	sync device
7729	sync device
7690	sync device
7667	sync device
7673	sync device
7697	sync device
12985	taxes
12923	taxes
12976	taxes
12990	taxes
12953	taxes
12973	taxes
12934	taxes
12922	taxes
12963	taxes
12968	taxes
12933	taxes
12915	taxes
12945	taxes
12914	taxes
12913	taxes
16733	tell joke
16806	tell joke
16768	tell joke
16745	tell joke
16740	tell joke
16801	tell joke
16729	tell joke
16778	tell joke
16783	tell joke
16804	tell joke
16822	tell joke
16803	tell joke
16797	tell joke
16765	tell joke
16834	tell joke
15326	text
15264	text
15267	text
15362	text
15253	text
15291	text
15237	text
15242	text
15350	text
15355	text
15238	text
15359	text
15335	text
15296	text
15229	text
7866	thank you
7925	thank you
7878	thank you
7775	thank you
7810	thank you
7792	thank you
7830	thank you
7794	thank you
7826	thank you
7912	thank you
7837	thank you
7877	thank you
7863	thank you
7784	thank you
7880	thank you
1791	time
1797	time
1776	time
1773	time
1771	time
1786	time
1788	time
1795	time
1783	time
1798	time
1774	time
1780	time
1781	time
1770	time
1777	time
357	timer
410	timer
416	timer
362	timer
392	timer
376	timer
477	timer
472	timer
453	timer
391	timer
367	timer
475	timer
443	timer
417	timer
374	timer
3768	timezone
3837	timezone
3793	timezone
3822	timezone
3829	timezone
3739	timezone
3805	timezone
3803	timezone
3824	timezone
3795	timezone
3715	timezone
3807	timezone
3838	timezone
3771	timezone
3811	timezone
10425	tire change
10441	tire change
10450	tire change
10448	tire change
10445	tire change
10449	tire change
10431	tire change
10413	tire change
10417	tire change
10421	tire change
10453	tire change
10438	tire change
10428	tire change
10436	tire change
10416	tire change
6107	tire pressure
6114	tire pressure
6102	tire pressure
6116	tire pressure
6125	tire pressure
6094	tire pressure
6081	tire pressure
6110	tire pressure
6097	tire pressure
6120	tire pressure
6096	tire pressure
6117	tire pressure
6076	tire pressure
6082	tire pressure
6090	tire pressure
8937	todo list
9013	todo list
8942	todo list
8865	todo list
8879	todo list
8939	todo list
8917	todo list
8874	todo list
8915	todo list
8867	todo list
9000	todo list
8998	todo list
8907	todo list
9009	todo list
8975	todo list
5740	todo list update
5805	todo list update
5801	todo list update
5720	todo list update
5742	todo list update
5750	todo list update
5691	todo list update
5770	todo list update
5806	todo list update
5759	todo list update
5793	todo list update
5676	todo list update
5722	todo list update
5786	todo list update
5666	todo list update
17850	traffic
17785	traffic
17895	traffic
17763	traffic
17875	traffic
17872	traffic
17787	traffic
17884	traffic
17851	traffic
17715	traffic
17885	traffic
17720	traffic
17756	traffic
17844	traffic
17780	traffic
3958	transactions
3947	transactions
3962	transactions
3959	transactions
4026	transactions
4063	transactions
4017	transactions
4024	transactions
3935	transactions
3989	transactions
3969	transactions
3991	transactions
3964	transactions
4009	transactions
4029	transactions
251	transfer
270	transfer
217	transfer
330	transfer
289	transfer
190	transfer
277	transfer
260	transfer
266	transfer
249	transfer
166	transfer
346	transfer
312	transfer
170	transfer
343	transfer
136	translate
144	translate
71	translate
79	translate
60	translate
76	translate
122	translate
6	translate
19	translate
65	translate
73	translate
69	translate
45	translate
7	translate
126	translate
1078	travel alert
1018	travel alert
1084	travel alert
1045	travel alert
1079	travel alert
1077	travel alert
1061	travel alert
1044	travel alert
1052	travel alert
1086	travel alert
1058	travel alert
1050	travel alert
1047	travel alert
1081	travel alert
1010	travel alert
7527	travel notification
7610	travel notification
7549	travel notification
7647	travel notification
7551	travel notification
7592	travel notification
7547	travel notification
7546	travel notification
7533	travel notification
7663	travel notification
7595	travel notification
7585	travel notification
7581	travel notification
7630	travel notification
7613	travel notification
5520	travel suggestion
5428	travel suggestion
5418	travel suggestion
5485	travel suggestion
5452	travel suggestion
5423	travel suggestion
5471	travel suggestion
5488	travel suggestion
5434	travel suggestion
5481	travel suggestion
5522	travel suggestion
5482	travel suggestion
5447	travel suggestion
5433	travel suggestion
5484	travel suggestion
6775	uber
6706	uber
6702	uber
6730	uber
6866	uber
6720	uber
6713	uber
6791	uber
6700	uber
6792	uber
6817	uber
6765	uber
6861	uber
6849	uber
6735	uber
16431	update playlist
16328	update playlist
16528	update playlist
16403	update playlist
16448	update playlist
16484	update playlist
16507	update playlist
16416	update playlist
16527	update playlist
16356	update playlist
16505	update playlist
16521	update playlist
16371	update playlist
16472	update playlist
16361	update playlist
3673	user name
3671	user name
3706	user name
3687	user name
3674	user name
3680	user name
3695	user name
3682	user name
3662	user name
3658	user name
3684	user name
3676	user name
3686	user name
3638	user name
3642	user name
13666	vaccines
13660	vaccines
13677	vaccines
13593	vaccines
13661	vaccines
13607	vaccines
13595	vaccines
13626	vaccines
13603	vaccines
13676	vaccines
13642	vaccines
13632	vaccines
13610	vaccines
13609	vaccines
13641	vaccines
9204	w2
9136	w2
9197	w2
9211	w2
9191	w2
9232	w2
9150	w2
9183	w2
9209	w2
9237	w2
9229	w2
9182	w2
9206	w2
9187	w2
9117	w2
12873	weather
12874	weather
12853	weather
12830	weather
12882	weather
12859	weather
12851	weather
12854	weather
12833	weather
12832	weather
12828	weather
12862	weather
12850	weather
12836	weather
12856	weather
14851	what are your hobbies
14856	what are your hobbies
14888	what are your hobbies
14865	what are your hobbies
14835	what are your hobbies
14828	what are your hobbies
14838	what are your hobbies
14884	what are your hobbies
14860	what are your hobbies
14878	what are your hobbies
14883	what are your hobbies
14836	what are your hobbies
14839	what are your hobbies
14855	what are your hobbies
14893	what are your hobbies
2417	what can i ask you
2416	what can i ask you
2403	what can i ask you
2406	what can i ask you
2409	what can i ask you
2419	what can i ask you
2405	what can i ask you
2414	what can i ask you
2413	what can i ask you
2418	what can i ask you
2412	what can i ask you
2404	what can i ask you
2411	what can i ask you
2410	what can i ask you
2415	what can i ask you
14456	what is your name
14452	what is your name
14445	what is your name
14466	what is your name
14444	what is your name
14458	what is your name
14461	what is your name
14464	what is your name
14448	what is your name
14438	what is your name
14442	what is your name
14469	what is your name
14472	what is your name
14450	what is your name
14435	what is your name
11708	what song
11733	what song
11710	what song
11678	what song
11646	what song
11689	what song
11696	what song
11642	what song
11711	what song
11679	what song
11654	what song
11657	what song
11694	what song
11668	what song
11680	what song
2182	where are you from
2190	where are you from
2234	where are you from
2187	where are you from
2210	where are you from
2192	where are you from
2181	where are you from
2197	where are you from
2179	where are you from
2218	where are you from
2175	where are you from
2237	where are you from
2198	where are you from
2177	where are you from
2211	where are you from
13100	whisper mode
13118	whisper mode
13183	whisper mode
13208	whisper mode
13216	whisper mode
13170	whisper mode
13186	whisper mode
13146	whisper mode
13142	whisper mode
13129	whisper mode
13210	whisper mode
13176	whisper mode
13156	whisper mode
13108	whisper mode
13099	whisper mode
10704	who do you work for
10714	who do you work for
10715	who do you work for
10725	who do you work for
10729	who do you work for
10721	who do you work for
10723	who do you work for
10722	who do you work for
10706	who do you work for
10730	who do you work for
10716	who do you work for
10718	who do you work for
10703	who do you work for
10713	who do you work for
10726	who do you work for
3469	who made you
3455	who made you
3457	who made you
3461	who made you
3431	who made you
3464	who made you
3442	who made you
3434	who made you
3437	who made you
3467	who made you
3458	who made you
3444	who made you
3453	who made you
3443	who made you
3448	who made you
5280	yes
5375	yes
5295	yes
5306	yes
5359	yes
5349	yes
5407	yes
5308	yes
5365	yes
5286	yes
5290	yes
5254	yes
5246	yes
5401	yes
5403	yes
